Papel,Cotação,EV/EBIT,ROIC,Liq.2meses,Div.Yield
IVTT3,0.0,0.0,0.0,0.0,0.0
MNSA4,0.47,0.0,-13.5,0.0,0.0
MNSA3,0.42,0.0,-13.5,0.0,0.0
PORP4,2.4,0.0,0.0,0.0,0.0
POPR4,10.17,0.0,15.25,0.0,0.0
CFLU4,1000.0,0.0,17.68,0.0,0.0
CSTB4,147.69,0.0,22.4,0.0,0.0
CSTB3,150.0,0.0,22.4,0.0,0.0
CLAN3,0.0,0.0,0.0,0.0,0.0
PMET3,0.0,0.0,0.0,0.0,0.0
BBTG12,3.15,0.0,0.0,0.0,0.0
QUAL3,3.83,5.17,13.95,19751800.0,0.0207
GNDI3,66.95,91.13,3.09,0.0,0.0239
MEGA3,10.71,25.16,3.66,7884550.0,0.0
GUAR4,151.0,287.55,2.42,0.0,0.0
PLDN4,486.0,-33.12,-1.27,0.0,0.0
TELB3,16.75,-1.25,-11.09,50638.1,0.0
LCSA4,35.09,-506.56,-28.74,0.0,0.0
TELB4,13.55,-0.35,-11.09,91859.1,0.0
BHGR3,19.1,25.95,3.93,0.0,0.0
DMMO3,1.76,5.9,70.39,0.0,0.0
RJCP3,0.01,-523.96,0.0,0.0,0.0
ABYA3,4.91,33.67,2.78,0.0,0.0
LWSA3,6.8,45.41,2.03,52214000.0,0.0077
PITI4,1.28,-2637.65,0.0,0.0,0.0
MAPT3,30.05,-200.12,-17.97,0.0,0.0
MYPK4,31.79,13.09,6.73,0.0,0.0
LCSA3,12.5,-180.95,-28.74,0.0,0.0
MAGG3,59.4,6.41,14.05,0.0,0.0
CBAV3,4.09,85.25,0.53,32501600.0,0.10769999999999999
BAUH4,71.89,46.12,7.6,25791.6,0.0168
LINX3,37.4,51.49,6.82,0.0,0.0152
BNCA3,70.3,0.0,0.0,0.0,0.0
DOHL3,9.88,-43.27,-2.1,66.4,0.0
MNPR3,16.85,1.82,21.57,130920.0,0.0
MYPK3,14.32,9.01,6.73,21519300.0,0.0349
MERC3,15.28,0.0,0.0,17487.1,0.0
CLSA3,4.56,-9.52,-11.51,3027080.0,0.0
AMIL3,32.2,138.61,2.22,0.0,0.0
RDNI3,5.56,39.58,1.07,78525.9,0.0259
MRVE3,12.19,199.32,0.33,147696000.0,0.013999999999999999
BRTP3,35.71,7.55,13.41,0.0,0.0
IDVL11,140.0,0.0,0.0,0.0,0.0
MAPT4,11.0,-73.25,-17.97,59.73,0.0
CBEE3,13.7,6.99,7.11,383.84,0.0
SCLO3,14.1,-96.19,-782.71,0.0,0.0
PEFX5,19.0,6.59,11.77,0.0,0.0
PEFX3,19.0,6.59,11.77,0.0,0.0
MTIG4,23.0,-95.57,-47.8,0.0,0.0
NINJ3,3.8,2.15,-160.11,500504.0,0.0
TOYB4,2.5,-9.15,-59.36,0.0,0.0
IMBI3,5.01,-104.72,-0.54,0.0,0.0
CLAN4,3.0,-97.43,-0.5,0.0,0.0
HAPV3,4.59,-98.89,-0.59,355613000.0,0.0
TOYB3,2.29,-8.39,-59.36,0.0,0.0
DOHL4,5.42,-24.35,-2.1,19790.3,0.0
EBTP3,10.21,8.46,6.03,0.0,0.0
EBTP4,10.0,8.33,6.03,0.0,0.0
GLOB4,30.49,29.75,7.85,0.0,0.0
FBRA4,34.58,10.62,11.94,0.0,0.0
BRTP4,20.81,5.03,13.41,0.0,0.0
GUAR3,6.7,18.84,2.42,13967700.0,0.003
PRGA4,75.0,1091.86,0.39,0.0,0.0
MERC4,7.33,0.0,0.0,48062.2,0.061399999999999996
ITEC3,40.1,-24.8,-63.06,0.0,0.0
IMBI4,3.5,-75.44,-0.54,0.0,0.0
PRTX3,2.77,-128.99,-1.5,0.0,0.0
OMGE3,27.57,24.34,4.69,0.0,0.0
DFVA3,9.9,-58.28,-10.35,0.0,0.0
ASTA4,25.83,33.2,2.52,0.0,0.0
LJQQ3,5.27,28.99,1.74,21023400.0,0.0
ALPA3,10.01,35.32,3.16,50588.5,0.0
VGOR4,5.87,34.09,6.0,0.0,0.0
ALPA4,9.87,34.89,3.16,59528700.0,0.0
CSAN3,17.89,11.92,5.66,131700000.0,0.024
CRBM3,90.0,-14.17,-12.71,0.0,0.0
EMBR3,18.49,10.08,5.37,122029000.0,0.0
CSNA3,11.9,6.15,11.17,107778000.0,0.2458
KROT11,40.0,14.09,5.21,0.0,0.0
BAHI4,86.0,-125.21,-3.19,0.0,0.0
DFVA4,8.0,-47.55,-10.35,0.0,0.0
KROT4,5.12,13.16,5.21,0.0,0.0
MODL3,3.08,0.0,0.0,3930980.0,0.014199999999999999
TAMM4,52.73,18.01,6.36,0.0,0.0
TAMM3,52.6,17.98,6.36,0.0,0.0
MGLU3,2.92,22.05,4.39,314988000.0,0.0
GOLL4,7.26,9.64,11.22,141877000.0,0.0
MNPR4,4.63,0.5,21.57,0.0,0.0
MODL11,8.46,0.0,0.0,0.0,0.0
AMBP3,21.18,7.39,12.38,28623200.0,0.0063
MODL4,2.72,0.0,0.0,0.0,0.0
BAHI5,65.0,-96.73,-3.19,0.0,0.0
CRBM7,60.0,-9.02,-12.71,0.0,0.0
WMBY3,25.39,25.02,2.39,0.0,0.0
TDBH4,0.66,10.23,10.48,0.0,0.0
RCSL3,1.86,-215.97,-1.87,4197950.0,0.0
TANC4,43.0,16.2,6.36,0.0,0.0
ORVR3,35.13,57.85,3.42,14064200.0,0.0
SYNE3,4.09,9.56,3.73,962403.0,0.0
CCIM3,5.52,25.04,2.38,0.0,0.0
TDBH3,0.56,8.91,10.48,0.0,0.0
ESPA3,1.57,12.29,5.1,4002780.0,0.0
GBIO33,10.4,16.06,7.12,0.0,0.0
RCSL4,1.43,-165.99,-1.87,4380170.0,0.0
ZAMP3,5.65,26.95,2.54,16514300.0,0.0
COGN3,2.99,9.82,5.21,72208900.0,0.0
CASH3,7.24,-1.98,-15.19,28224800.0,0.0
ANIM3,3.68,9.92,6.43,34449300.0,0.0
LECO4,1.46,-32.69,-3.48,0.0,0.0
SEDU3,23.8,-28.68,-8.15,0.0,0.0
TESA3,48.0,15.25,6.42,0.0,0.0
DASA3,12.89,17.51,4.44,7658700.0,0.005600000000000001
BRPR3,70.42,40.34,1.41,7527590.0,2.9364999999999997
IGUA3,8.15,14.8,7.61,0.0,0.0
FGUI3,12.0,-70.17,-60.74,0.0,0.0
IGUA6,8.07,14.72,7.61,0.0,0.0
OPCT3,5.5,13.39,7.52,3708000.0,0.0
IGUA5,7.98,14.63,7.61,0.0,0.0
IRBR3,45.17,0.0,0.0,135462000.0,0.0
PRVI3,10.54,9.87,6.15,0.0,0.0
MTIG3,5.21,-22.62,-47.8,0.0,0.0
ARTR3,10.01,9.04,10.49,0.0,0.0
CPNY3,2.35,4.21,5.48,0.0,0.0
ENJU3,1.58,-0.44,-51.93,2835400.0,0.0
ECPR4,90.74,-82.6,-0.75,0.0,0.0
ECPR3,90.25,-82.15,-0.75,0.0,0.0
PCAR4,72.11,246.39,0.24,0.0,0.0
TERI3,64.28,39.56,1.25,0.0,0.0
PCAR5,67.12,231.58,0.24,0.0,0.0
SEMP3,16.86,-4.07,-30.21,0.0,0.0
BIOM4,8.68,-11.8,-25.43,0.0,0.0
SZPQ4,6.64,-22.77,-3.77,0.0,0.0
ALPK3,4.66,8.86,11.19,2198400.0,0.0
MEDI3,11.55,-6.61,-12.3,0.0,0.0
NTCO3,15.28,21.9,3.42,195840000.0,0.0
AERI3,1.02,6.15,14.22,6978560.0,0.0
CEED4,30.0,9.33,8.73,0.0,0.0
TCNO3,1.2,-15.11,-1.59,0.0,0.0
VVAR11,14.58,8.2,7.85,0.0,0.0
CEED3,29.53,9.27,8.73,6972.51,0.0
VVAR4,4.84,8.18,7.85,0.0,0.0
AZEV4,3.29,-3.1,-21.64,5591660.0,0.0
MLAS3,3.37,-6.02,-9.97,7409850.0,0.0
AZEV3,3.19,-3.02,-21.64,1936550.0,0.0
MBLY3,4.05,-5.27,-14.32,9058320.0,0.0
BLUT3,5.14,-53.97,-0.33,3091.81,0.0
BRKM3,23.33,-27.28,-2.46,920624.0,0.0
BUET3,24.99,-22.6,-5.95,0.0,0.0
TXRX3,9.0,17.85,11.59,0.0,0.0
BRKM5,22.13,-26.63,-2.46,92759700.0,0.0
BIOM3,5.62,-8.2,-25.43,111298.0,0.0
TLCP3,48.0,-43.86,-2.52,0.0,0.0
SEER3,6.27,6.63,6.17,9936490.0,0.0
NORD3,5.7,-218.7,-1.92,756.13,0.0
LFFE4,3.89,-23.11,0.0,0.0,0.0
KRSA3,1.41,14.62,5.41,1220950.0,0.0
GPAR3,44.51,-1546.69,-0.38,384.27,0.1551
CGOS3,26.2,-570.29,-0.08,0.0,0.0
TCNO4,0.85,-14.27,-1.59,0.0,0.0
BRFS3,9.41,243.92,0.39,177447000.0,0.0
PRML3,11.52,-63.15,-1.96,0.0,0.0
AGXY3,4.91,3.72,12.6,441604.0,0.008100000000000001
BRKM6,18.0,-24.42,-2.46,1753.78,0.0
ADHM3,1.56,-5.69,521.7,2064.0,0.0
BUET4,18.49,-19.18,-5.95,0.0,0.0
AALR3,9.64,-1201.86,-0.07,8793030.0,0.0
PMET5,0.65,503.88,38.97,0.0,0.0
LFFE3,3.11,-17.8,0.0,0.0,0.0
FBMC3,80.0,-3.31,-64.7,0.0,0.0
WEST3,1.97,-1.15,-39.3,3691190.0,0.0
TEND3,14.32,-47.29,-1.3,44841500.0,0.0
TLCP4,34.11,-36.16,-2.52,0.0,0.0
BECE3,9.1,0.0,0.0,0.0,0.0
BECE4,8.75,0.0,0.0,0.0,0.0
AZUL4,14.98,12.01,16.43,224712000.0,0.0
TRAD3,1.39,-3.02,-22.7,3936920.0,0.0
PNOR6,1.87,4.57,3.61,0.0,0.0
PNOR5,1.87,4.57,3.61,0.0,0.0
STRP4,0.21,-1.15,-25.49,0.0,0.0
APTI4,3500.0,5.92,1.75,0.0,0.0
BAHI3,9.29,-21.19,-3.19,91387.4,0.0
MRFG3,6.5,22.24,2.35,72967200.0,0.1399
IFCM3,1.89,-17.09,-2.79,14467400.0,0.0
LIXC3,1.75,-6.37,-1.9,0.0,0.0
ESTR3,19.95,64.83,1.59,0.0,0.0
BICB4,8.25,0.0,0.0,0.0,0.0
BICB3,8.0,0.0,0.0,0.0,0.0
JFEN3,2.95,-11.7,-5.32,171268.0,0.0
TXRX4,3.69,16.67,11.59,10406.4,0.0
ARLA4,3.38,-17.87,-13.71,0.0,0.0
LIXC4,1.45,-5.65,-1.9,0.0,0.0
MMXM3,14.0,18.64,25.93,0.0,0.0
CVCB3,2.27,-12.93,-3.06,62566800.0,0.0
OGXP3,1.63,-16.46,0.0,0.0,0.0
VIIA3,1.55,5.42,7.85,132873000.0,0.0
VTLM3,0.79,-2.88,521.7,0.0,0.0
FRIO3,50.52,20.32,6.28,3127.84,0.0
SJOS3,1.19,59.32,-1.82,0.0,0.0
ARCZ3,3.66,28.18,4.03,0.0,0.0
ARCZ6,3.63,28.1,4.03,0.0,0.0
DOTZ3,1.18,-3.08,-28.64,514965.0,0.0
GFSA3,5.18,-23.65,-1.62,21494200.0,0.0
BISA3,1.58,-6.21,-8.5,0.0,0.0
BCAL6,0.28,452.65,38.97,0.0,0.0
DJON4,0.18,-1.98,-12.02,0.0,0.0
SPRI6,11.0,-2.86,-42.86,0.0,0.0
BLUT4,1.52,-23.74,-0.33,10453.2,0.0
ARLA3,2.47,-16.06,-13.71,0.0,0.0
SPRI3,10.51,-2.72,-42.86,0.0,0.0
SCLO4,0.41,-2.98,-782.71,0.0,0.0
SDIA4,6.42,23.15,5.89,0.0,0.0
SDIA3,6.42,23.15,5.89,0.0,0.0
DUQE3,28.0,-2.7,-28.21,0.0,0.0
GSHP3,15.05,38.03,3.17,177.36,0.0
FHER3,12.1,-1.49,-27.71,618275.0,0.0
RCTB33,57.0,3.43,-11.09,0.0,0.0
VIVR3,3.6,-4.55,-6.69,1916210.0,0.0
SPRI5,8.52,-2.14,-42.86,0.0,0.0
IDVL4,2.67,0.0,0.0,0.0,0.0
PMET6,0.2,441.57,38.97,0.0,0.0
LIGH3,16.66,-7.16,-11.68,0.0,0.0
LGLO4,100.0,-2.13,-18.37,0.0,0.0
IDVL3,2.16,0.0,0.0,0.0,0.0
RCTB31,41.0,3.44,-11.09,0.0,0.0
CTNM3,9.2,-10.7,-4.02,14090.4,0.0
DHBI3,19.0,-24.58,-10.5,0.0,0.0
LETO5,2.06,0.0,0.0,0.0,0.0
RCTB41,33.51,3.44,-11.09,0.0,0.0
IENG3,0.15,25.11,2.84,0.0,0.0
PCAR3,5.9,49.84,0.24,67299400.0,0.0
TPIS3,3.73,-10.5,-6.26,303399.0,0.0492
ESTR4,6.0,33.92,1.59,1919.89,0.0
LATM11,28.65,7.74,6.55,0.0,0.0
CELM3,15.0,-4.26,-15.6,0.0,0.0
FRTA3,2.36,-16.03,-18.54,38203.2,0.0
IENG5,0.12,24.33,2.84,0.0,0.0
GPIV33,3.12,-1.96,-11.81,75739.4,0.0
BAHI11,2.0,-11.31,-3.19,0.0,0.0
SEQL3,0.7,-6.38,-9.75,11667300.0,0.0
INEP3,4.29,-20.08,-4.47,673348.0,0.0
RCTB42,20.0,3.44,-11.09,0.0,0.0
REEM4,4.63,-3.84,4.61,0.0,0.0
CCXC3,1.16,-0.52,0.0,0.0,0.0
LIGT3,6.48,-7.58,-7.13,33225800.0,0.0
DOCA3,11.0,-6.86,-12.48,0.0,0.0
AMAR3,0.72,120.38,0.58,4620620.0,0.0
FGUI4,0.38,-14.24,-60.74,0.0,0.0
INEP4,3.39,-19.37,-4.47,267679.0,0.0
WISA4,0.25,-19.27,-9.78,0.0,0.0
LETO3,0.8,0.0,0.0,0.0,0.0
AVLL3,5.4,-73.43,-1.22,31488.8,0.0
WISA3,0.2,-19.21,-9.78,0.0,0.0
SGPS3,2.33,-7.5,-5.05,782517.0,0.0
CTNM4,2.3,-9.03,-4.02,121711.0,0.0
DOCA4,5.0,-6.71,-12.48,0.0,0.0
RPMG3,2.37,-0.17,-20.34,115270.0,0.0
DUQE4,2.95,-1.23,-28.21,0.0,0.0
SJOS4,0.09,39.09,-1.82,0.0,0.0
FTRX3,0.13,-1.77,-11.99,0.0,0.0
MEND6,9.5,-12.65,-105.05,0.0,0.0
FTRX4,0.11,-1.74,-11.99,0.0,0.0
NEXP3,6.13,-16.55,-3.35,48283.8,0.0
SNSY5,4.04,7.4,4.84,71806.3,0.0
FBMC4,1.96,-0.53,-64.7,0.0,0.0
MEND5,6.5,-12.62,-105.05,0.0,0.0
PMAM4,5.84,-6.21,-39.03,0.0,0.0
PMAM3,5.36,-6.17,-39.03,246592.0,0.0
TENE7,9.8,-1.18,-9.21,0.0,0.0
VPTA4,10.5,-6.89,-45.0,0.0,0.0
TEKA4,18.34,-171.37,-0.47,12146.5,0.0
OIBR4,2.1,-5.62,-17.89,316715.0,0.0
VPSC4,9.99,-0.2,-28.56,0.0,0.0
OSXB3,4.59,-186.42,-1.21,24537.5,0.0
VAGV3,1.14,-8.9,-15.14,0.0,0.0
DHBI4,1.01,-21.09,-10.5,0.0,0.0
VAGV4,1.02,-8.87,-15.14,0.0,0.0
GAFP3,0.12,-46.92,-3.21,0.0,0.0
ARTE3,7.7,-15.85,0.0,0.0,0.0
TROR3,2.63,-728.92,-9.77,0.0,0.0
VPSC3,6.03,-0.15,-28.56,0.0,0.0
VPTA3,5.0,-6.82,-45.0,0.0,0.0
ARTE4,6.81,-15.79,0.0,0.0,0.0
TEKA3,8.23,-169.78,-0.47,0.0,0.0
OIBR3,0.76,-5.4,-17.89,8453050.0,0.0
TROR4,1.56,-726.24,-9.77,0.0,0.0
RPMG4,0.26,-0.02,-20.34,0.0,0.0
PDGR3,4.4,-28.12,-6.14,557051.0,0.0
GAFP4,0.05,-46.65,-3.21,0.0,0.0
MILK33,0.3,-0.11,-70.91,0.0,0.0
TENE5,0.5,-0.38,-9.21,0.0,0.0
CGOS4,16.0,-313.85,-0.08,0.0,0.0
CBMA3,0.01,64472.2,0.2,0.0,0.0
CBMA4,0.01,64472.2,0.2,0.0,0.0
VSPT3,0.0,0.0,0.0,0.0,0.0
ESTC4,0.0,5.7,8.99,0.0,0.0
ODER3,0.0,0.0,0.0,0.0,0.0
ECIS4,145.0,1.53,12.48,0.0,0.0
ECIS3,211.65,1.53,12.48,0.0,0.0
PTIP4,25.15,3.62,23.13,0.0,0.0
PRBC3,0.0,0.0,0.0,0.0,0.0
VNET3,0.0,0.0,0.0,0.0,0.0
PTIP3,22.0,3.62,23.13,0.0,0.0
VVAX4,0.0,-4.44,-6.52,0.0,0.0
EEEL3,421.01,0.0,0.0,0.0,0.0
EEEL4,410.0,0.0,0.0,0.0,0.0
LAND3,0.0,0.0,0.0,0.0,0.0
MSAN4,6.44,0.21,11.78,0.0,0.0
VVAX3,0.0,-4.44,-6.52,0.0,0.0
VSPT4,0.0,0.0,0.0,0.0,0.0
EQMA5B,0.0,0.0,0.0,0.0,0.0
EQMA6B,0.0,0.0,0.0,0.0,0.0
GALO3,0.0,0.0,39.37,0.0,0.0
REPA3,1.0,4.54,4.05,0.0,0.0
SGEN3,5.0,-32.42,-1.59,0.0,0.0
TNEP4,3.95,-1.09,20.53,0.0,0.0
SGEN4,0.6,-4.5,-1.59,0.0,0.0
SLCP3,610.02,0.0,0.0,0.0,0.0
TNEP3,3.01,-1.09,20.53,0.0,0.0
LECO3,0.0,-3.0,-3.48,0.0,0.0
INHA3,0.0,-19.69,-1.62,0.0,0.0
LCAM3,24.15,0.0,0.0,0.0,0.0
ICPI3,0.0,0.0,0.0,0.0,0.0
LATS3,22.0,1.27,11.63,0.0,0.0
JFAB4,0.06,-112.33,0.0,0.0,0.0
JBDU3,0.0,0.0,0.0,0.0,0.0
MSAN3,6.44,0.21,11.78,0.0,0.0
SFSA3,0.0,0.0,0.0,0.0,0.0
SEBB4,0.0,-0.23,24.15,0.0,0.0
REPA4,1.08,4.54,4.05,0.0,0.0
MMAQ3,0.0,25.61,1.5,0.0,0.0
VGOR3,0.0,6.77,6.0,0.0,0.0
MLPA3,0.0,-2.08,0.0,0.0,0.0
FLCL3,11.5,0.0,0.0,0.0,0.0
FLCL5,12.5,0.0,0.0,0.0,0.0
FLCL6,9.91,0.0,0.0,0.0,0.0
RSID3,4.55,0.0,0.0,206583.0,0.0
SALM3,5.7,1.1,25.78,0.0,0.0
SALM4,5.9,1.1,25.78,0.0,0.0
GALO4,0.25,0.0,39.37,0.0,0.0
SASG3,0.98,0.0,0.0,0.0,0.0
SEBB3,0.0,-0.23,24.15,0.0,0.0
ILLS4,100.01,0.73,8.14,0.0,0.0
CESP3,25.55,0.0,0.0,0.0,0.0
BBTG11,15.01,0.0,0.0,0.0,0.0
CLSC6,0.0,0.0,0.0,0.0,0.0
CMMA4,0.81,0.03,0.0,0.0,0.0
DAYC3,0.0,0.0,0.0,0.0,0.0
CPFP4,44.0,0.0,0.0,0.0,0.0
ARPS3,0.3,-14.08,-6.64,0.0,0.0
CSPC4,1.2,1.43,29.18,0.0,0.0
CSPC3,1.24,1.43,29.18,0.0,0.0
DUFB11,0.0,0.0,0.0,0.0,0.0
BBTG13,0.0,0.0,0.0,0.0,0.0
BERG3,33.0,-10.49,-5.58,0.0,0.0
CESP6,25.25,0.0,0.0,0.0,0.0
BMEF3,11.0,0.0,0.0,0.0,0.0
BSGR3,1091.28,0.0,0.0,0.0,0.0
ALBA3,2.15,-1.27,20.4,0.0,0.0
DMFN3,12.6,0.0,0.0,28.0,0.0424
CESP4,16.29,0.0,0.0,0.0,0.0
CESP5,25.0,0.0,0.0,0.0,0.0
CCHI4,0.02,0.0,0.0,0.0,0.0
CCHI3,0.02,0.0,0.0,0.0,0.0
CZRS3,0.0,0.0,0.0,0.0,0.0
ARPS4,0.0,-14.08,-6.64,0.0,0.0
BOVH3,15.71,0.0,0.0,0.0,0.0
AESL3,10081.9,0.0,0.0,0.0,0.0
AGEI3,7.8,0.0,0.0,0.0,0.0
BPAT33,20.0,0.0,0.0,0.0,0.35719999999999996
BPNM3,0.0,0.0,0.0,0.0,0.0
BRBI11,15.06,0.0,0.0,1474700.0,0.0558
AESL4,10081.9,0.0,0.0,0.0,0.0
ABCB3,0.0,0.0,0.0,0.0,0.0
ENER5,6.0,2.82,20.22,0.0,0.0
ENER3,10.5,2.82,20.22,0.0,0.0
ENER6,12.0,2.82,20.22,0.0,0.0
MNDL4,0.38,4.01,7.79,0.0,0.0
TEFC11,35.5,3.45,14.85,0.0,0.0
CAFE4,0.5,-45.27,-2.81,0.0,0.0
OSAO4,8.98,-13.49,-3.74,0.0,0.0
MLPA12,40.0,-2.06,0.0,0.0,0.0
MLPA4,45.0,-2.06,0.0,0.0,0.0
HETA4,6.4,148.62,16.18,4692.36,0.0
CAFE3,2.0,-45.67,-2.81,0.0,0.0
SCAR4,10.0,5.62,8.62,0.0,0.0
BSCT3,4.05,0.0,0.0,0.0,0.0
CORR3,12.0,3.66,-79.99,0.0,0.0
ATMP3,2.0,-1.74,-12.59,556196.0,0.0
BPHA3,0.62,1.6,401.01,0.0,0.0
IGBR5,18.9,-4.55,-57.99,0.0,0.0
IGBR6,19.0,-4.55,-57.99,0.0,0.0
SULT4,0.43,0.75,0.39,0.0,0.0
BRSR4,181.1,0.0,0.0,0.0,0.0
LREN4,105.0,-0.17,17.55,0.0,0.0
CREM4,48.0,3.55,11.36,0.0,0.0
SULT3,0.56,0.97,0.39,0.0,0.0
TPRC6,105.0,0.0,9.67,0.0,0.0
PALF11,125.0,2.67,16.7,0.0,0.0
MNDL3,51.99,5.37,7.79,50970.8,0.0
TPRC3,113.5,0.01,9.67,0.0,0.0
MMAQ4,200.06,26.83,1.5,0.0,0.0
HETA3,96.0,169.33,16.18,0.0,0.0
CORR4,82.0,3.18,-79.99,0.0,0.0
PALF5,236.6,2.7,16.7,0.0,0.0
HOOT4,2.02,0.17,33.5,22019.1,0.0
ASSM4,6.1,1.88,35.38,0.0,0.0
BDLL4,10.61,-3.85,-7.78,2359.22,0.0
PALF3,279.9,2.71,16.7,0.0,0.0
SLED4,2.22,-0.82,-2259.94,705097.0,0.0
GAZO4,2.32,1.03,25.06,0.0,0.0
ASSM3,7.12,1.95,35.38,0.0,0.0
BDLL3,12.2,-3.9,-7.78,156.29,0.0
BELG4,1370.0,0.4,22.04,0.0,0.0
BELG3,1375.5,0.41,22.04,0.0,0.0
SUZA4,13.9,2.97,17.11,0.0,0.0
AGEN33,0.16,3.73,87.67,0.0,0.0
MGEL4,17.0,8.27,12.25,21572.1,0.0
TRPN3,0.71,-0.35,523.01,0.0,1.0473999999999999
GAZO3,3.4,1.43,25.06,0.0,0.0
FCAP3,0.62,-15.27,0.0,0.0,0.0
IGBR3,175.99,-7.85,-57.99,10393.3,0.0
RNEW11,4.41,-68.62,-0.75,45488.1,0.0
RNEW3,1.47,-68.62,-0.75,311167.0,0.0
RNEW4,1.5,-69.0,-0.75,168610.0,0.0
FCAP4,0.7,-16.07,0.0,0.0,0.0
MGEL3,25.0,8.86,12.25,0.0,0.0
MWET4,9.81,42.43,0.87,32320.9,0.0
SLED3,5.1,-1.22,-2259.94,28941.1,0.0
TARP11,18.02,195.29,0.0,0.0,0.0
MWET3,13.29,45.74,0.87,59.02,0.0
EPAR4,3.3,0.82,36.01,0.0,0.0
SUZB6,17.88,4.09,17.12,0.0,0.0
CPFG4,12.26,0.94,19.95,0.0,0.0
BNBR4,27.01,0.0,0.0,0.0,0.0
CPFG3,12.65,0.97,19.95,0.0,0.0
SUZB5,21.13,4.31,17.12,0.0,0.0
TSPP4,9.05,1.3,23.92,0.0,0.0
TSPP3,12.6,1.63,23.92,0.0,0.0
EBEN4,17.51,3.53,16.85,0.0,0.0
ELPL4,15.98,2.38,14.69,0.0,0.0
PLIM4,0.59,1.5,10.95,0.0,0.0
AHEB5,16.59,1.11,33.41,330.29,0.0
AHEB6,17.01,1.15,33.41,120.02,0.0
ESCE3,172.0,3.13,18.57,0.0,0.0
HAGA4,1.44,1.68,-4.26,45801.4,0.0
LUPA3,2.65,-13.71,-3.67,1299530.0,0.0
CLSC5,39.01,4.04,7.4,0.0,0.0
CTPC4,6.5,-2.44,0.0,0.0,0.0
AHEB3,22.09,1.59,33.41,147.27,0.0
VALE5,33.36,2.49,19.92,0.0,0.0
PETR4,31.97,2.43,28.95,1575500000.0,0.2894
TBLE6,10.65,4.15,15.22,0.0,0.0
CTKA4,12.5,10.34,11.0,7711.51,0.0
RANI4,5.5,4.36,19.49,0.0,0.0
SUZB3,49.9,6.29,17.12,212590000.0,0.037000000000000005
BRAP3,19.97,-374.06,-0.27,1267010.0,0.1334
PETR3,35.04,2.58,28.95,433689000.0,0.264
CALI3,14.5,5.61,9.93,515.16,0.0308
TBLE5,12.0,4.35,15.22,0.0,0.0
MARI3,2.93,4.89,10.67,0.0,0.0
BRAP4,21.51,-403.89,-0.27,69967000.0,0.1362
BAZA3,70.1,0.0,0.0,281883.0,0.079
FIGE3,12.03,0.0,0.0,0.0,0.0032
BNBR3,85.0,0.0,0.0,6845.91,0.0659
BOBR3,1.0,3.08,31.76,0.0,0.0
ELPL6,30.2,3.11,14.69,0.0,0.0
CAMB4,6.25,2.83,33.12,0.0,0.0
ELPL5,30.5,3.13,14.69,0.0,0.0
CYRE4,8.5,6.99,5.6,0.0,0.0
CEDO4,17.52,2.4,23.27,199159.0,0.0
PTPA3,76.5,7.06,13.27,0.0,0.0
GOAU4,11.45,1.42,19.35,71657500.0,0.1013
GOAU3,11.49,1.42,19.35,641914.0,0.10099999999999999
PTPA4,80.0,7.23,13.27,0.0,0.0
CTKA3,18.0,10.97,11.0,191.98,0.0
JALL3,8.3,27.35,3.48,8408170.0,0.0533
CLSC3,63.0,5.31,7.4,5549.44,0.0451
HBTS5,52.51,27.65,1.71,10091.4,0.0455
CLSC4,64.01,5.37,7.4,526567.0,0.048799999999999996
VINE3,17.2,7.4,8.62,0.0,0.0
BBAS3,46.93,0.0,0.0,453194000.0,0.0965
CMIG4,12.24,4.44,16.35,105501000.0,0.09230000000000001
DAYC4,8.9,0.0,0.0,0.0,0.0
PLAS3,7.22,-17.72,-3.74,1846.36,0.0
VINE5,17.64,7.52,8.62,0.0,0.0
MTBR3,0.99,1.24,17.03,0.0,0.0
ALSO3,23.77,13.95,3.24,113421000.0,0.0218
GGBR3,23.26,3.85,19.39,1203160.0,0.1391
EPAR3,14.4,3.3,36.01,29768.8,0.0863
EUCA4,12.4,4.3,11.16,433656.0,0.0637
AURE3,13.79,17.07,3.21,35972400.0,0.10880000000000001
MTBR4,1.05,1.39,17.03,0.0,0.0
CTSA8,1.0,-8.38,-3.44,0.0,0.0
GGBR4,24.79,4.07,19.39,265503000.0,0.1305
HAGA3,2.95,-20.94,-4.26,49824.8,0.0
SAPR3,4.23,4.4,15.2,1068400.0,0.0803
REDE4,2.9,4.66,14.87,0.0,0.0
VCPA4,26.01,4.05,22.95,0.0,0.0
MOAR3,320.0,-124.62,-1.6,92213.8,0.0355
MTSA4,51.69,3.22,28.88,103349.0,0.06280000000000001
TECN3,3.28,3.65,12.81,931867.0,0.0263
CIEL3,3.72,10.63,5.23,155548000.0,0.0779
VALE3,62.07,4.16,19.92,1824240000.0,0.0653
BMEB4,12.97,0.0,0.0,302921.0,0.0834
SAPR4,4.5,4.56,15.2,8297900.0,0.083
SAPR11,22.52,4.57,15.2,17495100.0,0.0814
ABCB4,17.79,0.0,0.0,16197700.0,0.08810000000000001
CEBR3,13.45,4.85,9.2,78276.7,0.1109
RANI3,10.36,6.58,19.49,9066260.0,0.0852
CEDO3,24.99,2.84,23.27,79454.7,0.0
CGRA3,25.89,4.29,9.31,381979.0,0.1033
NEOE3,18.83,6.08,11.36,32300400.0,0.061399999999999996
CEBR5,13.78,5.18,9.2,61312.8,0.1082
FRAS4,5.79,2.65,21.71,0.0,0.0
ROMI3,13.28,7.4,12.21,8414560.0,0.0687
BMEB3,14.05,0.0,0.0,5187.04,0.07
CEBR6,14.15,5.56,9.2,176692.0,0.1159
BMKS3,319.86,1.17,-9.5,17773.2,0.1807
CGRA4,27.13,4.55,9.31,292720.0,0.0986
KLBN4,4.53,7.05,15.76,10014200.0,0.061799999999999994
KLBN11,22.67,7.06,15.76,105922000.0,0.0617
BPIA3,6.1,0.0,0.0,0.0,0.0
ELPL3,49.32,4.1,14.69,0.0,0.0
DSUL3,7.95,1.27,48.91,0.0,0.0
KLBN3,4.57,7.09,15.76,1773530.0,0.061200000000000004
COCE6,35.0,6.4,11.03,0.0,0.0
CAMB3,10.29,4.32,33.12,730865.0,0.024300000000000002
EQMA3B,28.5,5.14,16.96,227389.0,0.09789999999999999
RNPT4,31.81,56.05,0.68,0.0,0.0
RNPT3,31.87,56.15,0.68,0.0,0.0
RSUL4,62.5,3.29,37.12,297248.0,0.045599999999999995
FESA4,45.22,4.31,25.57,9622700.0,0.08259999999999999
POSI3,8.85,5.7,12.86,12768400.0,0.0581
MTRE3,5.48,22.81,2.22,6732380.0,0.1678
TASA4,14.6,4.96,24.33,8432900.0,0.0956
EUCA3,16.83,5.34,11.16,52493.9,0.042699999999999995
TASA3,14.69,4.99,24.33,329012.0,0.095
SOND6,40.56,1.72,66.4,1645.13,0.1503
TIET11,17.44,8.78,13.97,0.0,0.0
TIET3,3.49,8.78,13.97,0.0,0.0
TIET4,3.51,8.81,13.97,0.0,0.0
EALT3,8.75,6.43,9.52,4636.27,0.0392
DEXP4,10.0,4.51,20.71,43438.2,0.0273
CMIG3,19.27,6.4,16.35,6352120.0,0.058600000000000006
EALT4,8.96,6.53,9.52,93403.2,0.0421
BGIP4,23.5,0.0,0.0,30017.5,0.14529999999999998
KEPL3,11.35,5.04,43.61,15586000.0,0.0891
MEAL3,2.19,-12.77,-3.35,2597800.0,0.0
POMO3,4.81,8.3,12.53,1578690.0,0.0632
TKNO4,64.98,6.02,9.71,3317.4,0.0708
CSMG3,18.77,6.64,12.55,40400400.0,0.0793
CIQU3,12.49,7.5,12.7,0.0,0.0
CIQU4,12.49,7.5,12.7,0.0,0.0
STBP11,14.4,4.27,14.19,0.0,0.0
PINE4,3.85,0.0,0.0,2371160.0,0.0421
BGIP3,24.9,0.0,0.0,11059.1,0.1246
ITSA4,9.34,86.6,1.18,217625000.0,0.0638
RECV3,23.26,6.1,19.43,56300900.0,0.0455
RAPT3,9.9,4.37,15.57,189425.0,0.051699999999999996
BRSR6,12.77,0.0,0.0,19763700.0,0.0689
CEEB3,41.61,6.7,14.13,35310.6,0.1091
SOND3,46.01,2.07,66.4,0.0,0.1204
ITSA3,9.46,87.66,1.18,1651080.0,0.063
CRPG6,25.0,9.89,7.99,191393.0,0.385
TRPL4,25.15,7.96,9.25,39809000.0,0.042199999999999994
DEXP3,11.11,5.04,20.71,674214.0,0.0242
BRSR3,13.2,0.0,0.0,67442.5,0.0667
ETER3,9.0,6.12,9.47,2556660.0,0.0432
MRSA6B,22.0,5.13,16.23,0.0,0.0292
MRSA6B,22.0,5.13,16.23,0.0,0.0292
CSRN3,27.2,6.98,19.21,6294.49,0.1097
CPFE3,34.46,5.58,16.48,57627100.0,0.0837
ITUB3,23.19,0.0,0.0,16473000.0,0.0529
GEPA4,25.96,5.26,20.02,14159.5,0.12369999999999999
BMIN4,14.08,0.0,0.0,7710.8,0.11289999999999999
PINE3,4.15,0.0,0.0,12.56,0.0
CSRN6,27.6,7.05,19.21,545.4,0.1189
BOBR4,2.18,4.58,31.76,119549.0,0.0
FIEI3,15.0,-3.49,-9.44,6504.02,0.0
JSLG3,9.31,9.08,9.75,2385140.0,0.0254
COCE5,45.36,7.05,11.03,2552390.0,0.0187
GEPA3,26.5,5.34,20.02,2591.8,0.12119999999999999
SOND5,50.0,2.32,66.4,504.44,0.1219
EQPA3,6.15,6.65,23.95,95336.1,0.1465
GETT3,2.4,6.86,1.36,0.0,0.0
GETT4,2.4,6.86,1.36,0.0,0.0
DPPI4,38.9,73.74,3.0,0.0,0.0
CCTU4,37.28,21.77,2.96,0.0,0.0
WLMM3,23.95,6.5,17.63,5075.58,0.0417
FESA3,59.46,5.96,25.57,2004.87,0.0571
CPRE3,18.23,4.77,21.74,0.0,0.0
CSRN5,29.5,7.38,19.21,263.0,0.11130000000000001
ALLL11,16.5,5.76,7.54,0.0,0.0
JHSF3,4.88,9.75,5.88,15732600.0,0.08689999999999999
ETER4,9.85,6.63,9.47,0.0,0.0
ALLL4,3.32,5.78,7.54,0.0,0.0
LEVE3,43.28,6.84,36.32,12863100.0,0.1007
CSUD3,15.5,6.08,21.84,1223450.0,0.06269999999999999
MDNE3,12.01,6.2,5.57,3572930.0,0.0
WSON33,67.0,5.08,18.36,0.0,0.0
LEVE4,44.49,7.02,36.32,0.0,0.0
POMO4,5.95,9.9,12.53,35178700.0,0.051100000000000007
CMET4,3.91,5.34,81.4,0.0,0.0
RDTR3,6.3,-1897.05,0.0,0.0,0.0
COCE3,50.01,7.34,11.03,222.27,0.0169
EKTR3,34.92,6.42,19.58,0.0,0.16829999999999998
VULC4,18.0,9.74,20.65,0.0,0.0
BEES3,8.75,0.0,0.0,144192.0,0.0713
ITUB4,26.86,0.0,0.0,744968000.0,0.045700000000000005
VLID3,16.76,4.12,20.64,5972520.0,0.0384
MRSA3B,26.0,5.78,16.23,0.0,0.0
MRSA3B,26.0,5.78,16.23,0.0,0.0
TUPY3,26.5,6.64,12.42,17681100.0,0.0279
PTNT4,8.09,7.89,10.48,136182.0,0.0394
BBSE3,30.34,0.0,0.0,173677000.0,0.11460000000000001
AGIN3,5.29,14.68,5.59,0.0,0.0
AELP3,1.93,-11.94,0.0,0.0,0.0
BRGE7,9.29,1.07,-55.75,0.0,0.049100000000000005
SHUL4,7.6,7.81,23.07,2334110.0,0.039
CPSL3,38.02,5.48,57.15,0.0,0.0
EQPA7,7.0,7.37,23.95,1183.89,0.12869999999999998
LOGG3,18.95,18.62,3.3,6798220.0,0.0484
RAPT4,12.51,4.95,15.57,25765100.0,0.0409
TMGC12,550.0,10.94,8.73,0.0,0.0
ACES4,94.73,6.5,26.9,0.0,0.0
MRSA5B,27.0,5.95,16.23,0.0,0.023799999999999998
MRSA5B,27.0,5.95,16.23,0.0,0.023799999999999998
ACES3,95.27,6.54,26.9,0.0,0.0
CAML3,8.09,15.49,5.43,12401600.0,0.036000000000000004
JBSS3,18.53,-2.41,-32.14,208417000.0,0.1079
TRPL3,31.9,9.43,9.25,63882.2,0.0333
CZRS4,2.49,0.0,0.0,0.0,0.0
HBRE3,5.5,5.77,6.44,4625870.0,0.0
AFLU5,5.03,7.38,31.18,0.0,0.0
WIZC3,5.88,2.19,24.18,4568350.0,0.0757
VIVO3,65.79,6.65,23.92,0.0,0.0
CNFB4,5.99,10.05,12.01,0.0,0.0
CEEB5,54.6,7.67,14.13,1401.89,0.0832
BRGE12,9.9,1.02,-55.75,2528.42,0.0
BBDC3,13.21,0.0,0.0,66280600.0,0.0695
SOJA3,13.94,9.83,11.96,3247810.0,0.0059
AFLU3,5.15,7.57,31.18,0.0,0.0
BRGE11,9.99,1.01,-55.75,0.0,0.0391
BRGE3,10.0,1.01,-55.75,2613.6,0.0
BRGE8,10.0,1.01,-55.75,627.22,0.0326
BRGE6,10.0,1.01,-55.75,1287.73,0.0782
BRIV3,10.49,0.0,0.0,3695.13,0.0151
TGMA3,26.0,7.53,25.6,4088950.0,0.0608
BEES4,9.83,0.0,0.0,58059.2,0.0635
ALLL3,3.97,6.17,7.54,0.0,0.0
CMIN3,4.09,4.6,28.49,27925400.0,0.22260000000000002
PSSA3,27.06,0.25,60.76,61193200.0,0.0481
EKTR4,39.92,6.97,19.58,18268.0,0.16190000000000002
CXSE3,10.61,-282.27,-0.98,25026100.0,0.0814
ODER4,100.0,11.53,14.09,0.0,0.0323
REDE3,5.84,6.48,14.87,40209.0,0.1167
MRSL4,3.05,16.51,4.44,0.0,0.0
VULC3,20.73,11.19,20.65,9053300.0,0.0291
RPAD3,6.88,-88.83,-0.57,404.36,0.0
CRPG5,34.51,14.23,7.99,345846.0,0.2789
BRIV4,10.89,0.0,0.0,3470.4,0.058499999999999996
DXCO3,7.88,8.36,9.63,34535900.0,0.039900000000000005
UNIP3,72.99,4.59,38.68,961372.0,0.086
BPAR3,182.07,0.0,0.0,0.0,0.0
CTWR3,100.0,-8.91,-21.86,0.0,0.0
SLCE3,39.83,6.52,14.27,68317600.0,0.0693
CTSA4,2.18,-10.09,-3.44,130324.0,0.0
VIVO4,71.8,7.22,23.92,0.0,0.0
EVEN3,6.65,5.96,4.03,7045200.0,0.022799999999999997
CYRE3,23.15,14.64,5.6,140546000.0,0.022099999999999998
HBOR3,3.12,22.04,1.85,3241850.0,0.028999999999999998
BRSR5,18.5,0.0,0.0,1051.64,0.0482
TCSL4,7.82,5.61,9.67,0.0,0.0
AURA33,30.78,4.99,19.72,3176620.0,0.0473
PLPL3,9.88,5.51,30.59,10406000.0,0.016200000000000003
UCAS3,2.58,19.81,3.08,139106.0,0.0704
ALLD3,6.74,4.71,8.72,298800.0,0.0525
ENGI4,7.88,6.63,10.68,108541.0,0.0381
PDTC3,2.51,8.55,8.45,777908.0,0.0
CALI4,50.0,12.76,9.93,0.0,0.0
FIGE4,38.01,0.0,0.0,0.0,0.0011
BBDC4,14.83,0.0,0.0,556900000.0,0.0681
BLAU3,17.8,8.26,18.9,13121200.0,0.0431
MRSL3,3.3,17.74,4.44,0.0,0.0
TAEE11,34.77,13.57,8.52,72729800.0,0.09720000000000001
TAEE3,11.6,13.58,8.52,2046950.0,0.09720000000000001
BMGB4,2.38,0.0,0.0,2363420.0,0.16190000000000002
TCSA3,3.66,-33.54,-1.66,368328.0,0.0
TAEE4,11.64,13.61,8.52,3813290.0,0.0968
RPAD5,7.41,-96.47,-0.57,2662.98,0.0781
TRFO3,4.53,5.12,27.63,0.0,0.0
EQPA5,8.41,8.57,23.95,93.36,0.10710000000000001
BESP3,330.0,0.0,0.0,0.0,0.0
BRGE5,11.3,0.89,-55.75,121.33,0.0
TCOC4,27.2,7.89,13.98,0.0,0.0
RPAD6,7.5,-97.77,-0.57,1484.8,0.0
UNIP6,78.91,4.97,38.68,17116100.0,0.0875
EGIE3,42.07,8.98,15.22,60903800.0,0.0843
VSTE3,15.94,70.17,1.95,490980.0,0.0072
BRML3,8.26,9.76,5.22,0.0,0.0
TRFO4,4.7,5.33,27.63,0.0,0.0
SANB3,12.6,0.0,0.0,1887880.0,0.06509999999999999
SMLS3,22.4,10.13,10.69,0.0,0.0
BESP4,344.0,0.0,0.0,0.0,0.0
PTNT3,10.4,9.53,10.48,15828.2,0.030600000000000002
PRIO3,46.39,10.85,19.23,420474000.0,0.0
LAVV3,8.6,9.25,9.12,5814760.0,0.0699
GRNL4,470.0,-63.22,-1.65,0.0,0.0
MELK3,4.34,10.1,3.69,1083250.0,0.0768
ELUM3,36.0,10.02,9.4,0.0,0.0
RIPI3,48.01,-9.31,-99.1,0.0,0.0
CZLT33,29.23,10.26,5.31,0.0,0.0
TRIS3,5.68,20.67,3.65,8223400.0,0.0242
GRND3,7.0,17.14,11.36,9862930.0,0.2047
ENAT3,15.39,6.98,11.26,22082500.0,0.0097
RIPI4,48.5,-9.4,-99.1,0.0,0.0
ALUP4,9.45,7.79,8.98,296425.0,0.057
ALUP11,28.45,7.81,8.98,21175100.0,0.056799999999999996
UNIP5,86.01,5.41,38.68,17587.2,0.08109999999999999
ALUP3,9.49,7.81,8.98,183533.0,0.0567
SANB11,26.75,0.0,0.0,41668000.0,0.0644
EBCO4,1.0,8.26,5.04,0.0,0.0
BMOB3,11.95,5.17,13.94,6207720.0,0.0195
WLMM4,36.12,9.81,17.63,116827.0,0.0304
TEMP3,4.15,9.55,34.49,0.0,0.0
FIQE3,3.82,7.12,11.84,1058390.0,0.0331
ECOR3,7.94,7.78,12.03,36255200.0,0.001
NAFG3,64.37,8.64,19.92,0.0,0.0
NAFG4,64.42,8.65,19.92,0.0,0.0
BPAC5,8.65,0.0,0.0,65060.2,0.0287
TTEN3,13.73,15.9,12.36,16044500.0,0.0
ENGI11,47.02,7.17,10.68,109168000.0,0.0319
FIBR3,66.3,7.17,22.95,0.0,0.0759
EBCO3,1.05,8.68,5.04,0.0,0.0
SANB4,14.15,0.0,0.0,2470580.0,0.0637
MPLU3,26.8,7.71,129.57,0.0,0.0
BMIN3,23.88,0.0,0.0,1460.53,0.059500000000000004
LOGN3,43.75,17.45,11.45,4478080.0,0.0
EQPA6,10.05,9.96,23.95,44.67,0.08960000000000001
VITT3,10.96,13.16,16.87,2743870.0,0.0301
AMPI3,55.0,1.99,21.22,0.0,0.0
ENMT3,55.55,9.43,15.83,146810.0,0.0559
CRPG3,45.0,19.01,7.99,585.62,0.2139
SBSP3,58.94,11.43,9.03,160957000.0,0.0216
CURY3,17.03,8.34,29.54,31123100.0,0.0159
TMGC7,800.01,16.52,8.73,0.0,0.0
CPLE3,8.27,9.73,7.87,40535900.0,0.037200000000000004
SMTO3,36.5,13.6,8.97,53806600.0,0.0451
FRAS3,14.0,6.73,21.71,4557340.0,0.0298
ODPV3,10.52,8.37,37.56,20461500.0,0.035
ENMT4,57.3,9.65,15.83,23830.8,0.0676
DIRR3,21.17,10.16,7.12,50430900.0,0.0286
AVIL3,0.93,9.4,40.99,0.0,0.0
DXTG4,3.68,6.33,12.31,0.0,0.0
NUTR3,3.47,8.84,7.56,22493.5,0.0
SFSA4,4.4,0.0,0.0,0.0,0.0
GETI3,14.45,8.2,22.7,0.0,0.0
GETI4,14.46,8.2,22.7,0.0,0.0
CTSA3,2.94,-11.2,-3.44,30769.1,0.0
CPLE11,43.4,10.06,7.87,9227040.0,0.0383
RGEG3,3.0,10.04,11.69,0.0,0.0
WEGE4,16.1,9.5,31.8,0.0,0.0
MILS3,13.35,9.1,20.73,11558400.0,0.0208
CPLE6,8.83,10.18,7.87,127118000.0,0.0384
BSLI4,11.48,0.0,0.0,3257.38,4.301
BRIT3,3.79,8.71,11.23,3057540.0,0.0085
ARCE3,54.0,9.07,22.04,0.0,0.0
LUXM3,10.0,8.7,15.88,0.0,0.0
GMAT3,7.23,14.36,11.61,37895000.0,0.0
TMGC11,900.0,18.75,8.73,0.0,0.0
INTB3,23.3,14.18,19.68,37689500.0,0.0070999999999999995
TNCP4,182.6,11.88,16.48,0.0,0.0
TNCP3,184.85,12.03,16.48,0.0,0.0
HYPE3,40.09,12.64,12.28,114133000.0,0.030699999999999998
KSSA3,5.33,12.3,7.67,0.0,0.0
BPAC11,32.2,0.0,0.0,294982000.0,0.0231
ELUM4,47.9,14.9,9.4,0.0,0.0
TCOC3,38.85,12.23,13.98,0.0,0.0
SBFG3,7.58,12.23,5.37,38821900.0,0.0179
UGPA3,18.51,8.13,14.56,97053700.0,0.0189
RDCD3,35.16,14.25,6.97,0.0,0.0
PORT3,12.61,13.75,11.19,5417950.0,0.0371
BOAS3,7.95,18.69,12.76,14366200.0,0.0321
VIVT3,41.4,12.1,6.38,84828700.0,0.057800000000000004
TMGC13,966.14,20.23,8.73,0.0,0.0
BEMA3,10.8,14.43,6.96,0.0,0.0
MSPA4,40.0,-41.38,-0.63,0.0,0.0015
TUPY4,48.21,10.07,12.42,0.0,0.0
ABEV3,13.99,13.01,15.76,355601000.0,0.0545
JOPA3,21.0,9.43,5.72,13746.8,0.0391
RAIZ4,3.79,10.59,8.3,90630800.0,0.0616
PFRM3,3.9,3.62,12.02,454998.0,0.0444
ILMD3,29.0,13.13,12.52,0.0,0.0
LREN3,16.61,5.6,17.55,447283000.0,0.0443
BPAN4,8.47,0.0,0.0,23799800.0,0.0301
RRRP3,31.68,35.26,2.46,175449000.0,0.0
CRTP5,62.1,12.48,12.36,0.0,0.0
ILMD4,30.0,13.62,12.52,0.0,0.0
DURA4,31.39,11.47,14.38,0.0,0.0
DURA3,31.9,11.64,14.38,0.0,0.0
DPPI3,85.0,177.18,3.0,0.0,0.0
VIVT4,45.34,13.07,6.38,0.0,0.0
TIMP3,13.46,9.72,9.67,0.0,0.0
BMTO4,7.57,-2624.05,0.0,0.0,0.0
MULT3,25.64,12.05,14.61,114753000.0,0.033
BFIT4,0.93,0.0,0.0,0.0,0.0
BSLI3,14.78,0.0,0.0,2628.38,3.037
TIMS3,14.7,9.39,8.1,95707400.0,0.057699999999999994
MSPA3,46.25,-46.03,-0.63,0.0,0.0012
BMTO3,7.82,-2710.74,0.0,0.0,0.0
UCOP4,6.5,24.17,3.91,0.0,0.0
BEEF3,10.46,6.5,20.21,91046000.0,0.0527
ASAI3,12.37,6.15,18.13,285542000.0,0.006999999999999999
BFIT3,0.98,0.0,0.0,0.0,0.0
TMCP3,56.0,19.68,5.54,0.0,0.0
VIVA3,29.64,16.99,16.19,64878000.0,0.0123
B3SA3,13.49,13.82,16.73,403468000.0,0.0298
DMVF3,4.69,1.5,11.8,301415.0,0.0
SMLE3,92.82,16.32,46.17,0.0,0.0
VAMO3,11.64,10.92,12.39,86485100.0,0.0222
PEAB3,33.99,41.64,1.2,2808.04,0.022799999999999997
TMCP4,58.2,20.63,5.54,0.0,0.0
AMER3,0.92,10.79,3.61,11716500.0,0.0
ENGI3,15.29,9.23,10.68,87778.4,0.0196
WHRL4,4.57,10.25,17.03,49237.9,0.045
CCRO3,12.55,9.05,12.06,109478000.0,0.0262
WHRL3,4.62,10.37,17.03,14160.1,0.0405
PRNR3,10.7,4.99,20.01,2613770.0,0.0241
TFCO4,13.82,16.57,27.41,2552100.0,0.0161
AUTM3,19.7,8.22,11.93,0.0,0.0
AEDU11,37.35,16.14,5.77,0.0,0.0
IGTI3,2.72,14.74,8.33,287845.0,0.0113
BPAC3,14.79,0.0,0.0,107261.0,0.0168
JPSA3,29.02,20.35,4.56,7666510.0,0.0029
STBP3,8.83,13.76,14.19,32350700.0,0.0933
EZTC3,23.8,55.22,1.92,49942900.0,0.0116
SOMA3,8.15,13.82,5.61,117672000.0,0.0124
PGMN3,3.9,9.98,4.88,4012890.0,0.045599999999999995
LAME4,6.55,11.24,6.53,0.0,0.0
LAME3,6.62,11.32,6.53,0.0,0.0
CRIV3,5.44,0.0,0.0,3962.89,0.0
CRIV4,5.5,0.0,0.0,8308.13,0.0872
GGPS3,18.47,12.31,15.84,37598100.0,0.013999999999999999
ESTC11,23.5,8.93,8.99,0.0,0.0
EQTL3,31.61,9.71,8.78,245263000.0,0.0109
UGPA4,27.1,10.81,14.56,0.0,0.0
LVTC3,4.72,1.09,17.3,283999.0,0.0029
IGTI11,20.97,15.85,8.33,76659000.0,0.0102
CRTP3,86.5,18.02,12.36,0.0,0.0
BSCT6,2.58,0.0,0.0,0.0,0.0
APER3,30.49,9.81,8.16,708179.0,0.0106
DESK3,15.74,8.74,10.74,3296580.0,0.0013
AFLT3,9.35,21.6,9.34,5527.0,0.0636
RSIP4,0.44,18.48,5.0,0.0,0.0
RSIP3,0.44,18.48,5.0,0.0,0.0
ARZZ3,76.44,18.1,11.42,122704000.0,0.0208
PNVL3,12.66,19.41,6.58,5748810.0,0.0175
TVIT3,19.3,17.14,17.58,0.0,0.0
TMGC3,1500.0,32.14,8.73,0.0,0.0
POWE3,10.9,10.63,3.54,0.0,0.0
TSEP4,29.01,12.29,9.1,0.0,0.0
PATI3,25.0,13.0,4.29,10838.5,0.019299999999999998
ELEK3,19.11,65.77,2.52,0.0,0.0034000000000000002
MAGS3,62.45,14.19,18.74,0.0,0.0
JOPA4,33.8,10.9,5.72,75.11,0.026699999999999998
CRUZ3,27.59,20.75,46.8,0.0,0.0
ATOM3,2.36,-121.61,-3.17,50952.7,0.1358
NGRD3,1.36,41.43,0.89,1640520.0,0.0109
IGTA3,33.13,14.16,9.69,0.0,0.0
TNLP4,20.36,9.07,4.58,0.0,0.0
HGTX4,9.6,28.0,3.0,0.0,0.0
AMBV4,86.8,20.36,32.43,0.0,0.0
AMBV3,87.0,20.41,32.43,0.0,0.0
LUXM4,18.92,16.6,15.88,2425.24,0.0079
RPSA4,4.9,137.55,0.85,0.0,0.0
MDIA3,40.74,19.42,8.13,49509500.0,0.0049
FLRY3,15.01,15.66,7.35,45793600.0,0.0132
SEBB11,23.27,23.73,24.15,0.0,0.0
VVEO3,18.5,14.0,8.88,9131780.0,0.013300000000000001
DTCY3,5.0,-24.9,-28.49,501.02,0.0
ARML3,13.47,15.56,14.18,9021920.0,0.025099999999999997
VBBR3,18.46,16.9,6.33,168468000.0,0.04
ENEV3,12.43,18.43,4.96,70746400.0,0.0
WEGE3,36.36,21.95,31.8,316787000.0,0.016
BSCT5,3.5,0.0,0.0,0.0,0.0
ELMD3,13.75,17.11,8.08,2020710.0,0.0
EMAE4,59.19,-42.98,-2.59,179649.0,0.0336
PATI4,33.0,17.84,4.29,1056.89,0.0639
MATD3,9.65,11.23,8.91,3597870.0,0.0067
MOSI3,8.24,42.98,8.12,0.0,0.0
USIM5,6.8,4.48,6.54,82011800.0,0.0483
CSED3,4.31,5.52,8.49,1942970.0,0.0163
CREM3,14.5,12.04,11.36,0.0,0.0
ELCA4,20.2,15.36,14.87,0.0,0.0
SMFT3,22.35,44.81,3.17,46349300.0,0.0
TSEP3,40.0,17.91,9.1,0.0,0.0
USIM3,6.95,4.57,6.54,2432370.0,0.043
ELEK4,26.0,84.56,2.52,0.0,0.0025
PNVL4,18.62,25.82,6.58,0.0,0.0
CGAS3,116.02,7.16,28.38,7057.82,0.10210000000000001
CTIP3,49.5,21.42,24.63,0.0,0.0
TOTS3,27.85,10.73,18.88,119836000.0,0.0158
TNLP3,27.75,10.31,4.58,0.0,0.0
BMGB11,33.6,0.0,0.0,0.0,0.0
VIGR3,25.0,15.2,9.06,0.0,0.0
ENBR3,24.08,5.52,13.24,75172400.0,0.059000000000000004
PARD3,20.25,18.12,15.26,0.0,0.0584
LIPR3,73.0,-224.55,-1.79,2104.44,0.0338
CGAS5,128.26,7.71,28.38,78094.7,0.1016
CEPE5,40.12,8.26,10.09,0.0,0.0
ALSC3,27.75,17.49,7.03,0.0,0.0095
CSAB3,35.01,0.0,0.0,371.33,0.0172
RHDS3,0.11,10.7,11.8,0.0,0.0
ELCA3,24.7,18.15,14.87,0.0,0.0
SIMH3,9.97,7.21,11.45,28970400.0,0.0158
MOVI3,12.97,6.74,13.61,42386700.0,0.0327
CEPE6,43.0,8.44,10.09,0.0,0.0
RAIA3,30.5,16.73,17.8,0.0,0.0
HBSA3,4.04,15.79,7.84,39146300.0,0.0
PEAB4,74.0,107.54,1.2,6735.42,0.0115
IMCH3,6.39,21.16,2.55,0.0,0.0
ONCO3,11.81,12.79,10.06,30167000.0,0.0
CPLE5,28.2,25.55,7.87,14864.8,0.0147
PTQS4,189.46,-7466.35,-0.02,0.0,0.0
UOLL4,19.62,16.49,10.57,0.0,0.0
PTBL4,2.59,7.47,7.36,0.0,0.0
RADL3,27.04,25.01,14.61,134848000.0,0.011699999999999999
AESB3,11.37,18.01,5.14,21135400.0,0.0
SCAR3,25.39,10.77,8.62,134139.0,0.0
ELET3,36.45,13.93,3.61,347246000.0,0.0060999999999999995
RDOR3,29.21,14.6,7.64,171413000.0,0.0059
PLTO6,10.47,56.35,1.74,0.0,0.0
RENT3,63.01,18.43,8.85,421872000.0,0.0216
SULA11,22.25,6.62,-5.62,0.0,0.0027
SULA3,7.43,6.59,-5.62,0.0,0.0027
CSAB4,47.5,0.0,0.0,3229.4,0.0139
PLTO5,10.94,58.82,1.74,0.0,0.0
FFTL3,25.0,20.55,8.91,0.0,0.0
RAIL3,22.65,17.59,7.54,335879000.0,0.0029
FFTL4,25.06,20.6,8.91,0.0,0.0
SULA4,7.63,6.24,-5.62,0.0,0.0026
ELET6,39.94,14.86,3.61,85930000.0,0.0374
BSEV3,9.0,7.59,20.66,0.0,0.0
GVTT3,57.7,26.65,10.32,0.0,0.0
CRFB3,10.54,8.38,6.66,121577000.0,0.033
YDUQ3,21.04,14.38,8.99,109919000.0,0.0131
AEDU3,18.35,43.27,5.77,0.0,0.0
PETZ3,5.4,12.29,6.31,107444000.0,0.0052
SUBA3,84.0,106.17,19.11,0.0,0.0
CEAB3,5.98,7.52,5.28,26239100.0,0.0
AGRO3,24.38,75.24,1.43,12308900.0,0.1328
CEGR3,85.0,23.57,27.8,0.0,0.012
DAGB33,375.0,19.35,4.96,0.0,0.0
OFSA3,23.5,10.2,14.15,267845.0,0.027000000000000003
ROMI4,185.0,73.41,12.21,0.0,0.0
LPSB3,2.83,11.01,10.11,329489.0,0.0073
CTPC3,0.2,-18.75,0.0,0.0,0.0
USIM6,16.31,10.11,6.54,1196.84,0.0202
SHOW3,2.7,3.29,14.63,663259.0,0.0
RLOG3,23.08,12.43,5.36,0.0,0.0
HGTX3,37.5,106.77,3.0,0.0,0.0
PQUN3,15.44,40.25,3.02,0.0,0.0
PQUN4,15.44,40.25,3.02,0.0,0.0
CASN3,10.45,43.61,6.29,0.0,0.0021
PTBL3,6.58,10.91,7.36,11167100.0,0.0319
TMAR6,42.01,8.29,5.78,0.0,0.0
TMAR5,42.67,8.35,5.78,0.0,0.0
ELET5,86.01,27.07,3.61,2004.78,0.0
BALM4,9.6,2.47,14.51,4701.16,0.0225
BALM3,9.67,2.49,14.51,5612.44,0.0223
NATU3,36.86,17.27,12.42,0.0,0.0
CEPE3,128.0,13.69,10.09,0.0,0.0
NETC3,38.5,12.15,10.95,0.0,0.0
NETC4,40.0,12.57,10.95,0.0,0.0
TMAR3,62.0,10.21,5.78,0.0,0.0
MLFT4,22.39,94.38,8.33,0.0,0.0
BIDI3,3.4,0.0,0.0,0.0,0.0
BIDI4,3.41,0.0,0.0,0.0,0.0
BIDI11,10.4,0.0,0.0,0.0,0.0
ELEV3,24.3,51.41,3.01,0.0,0.0
RHDS4,1.0,71.32,11.8,0.0,0.0
PRBC4,14.54,0.0,0.0,0.0,0.0
UBBR4,7.49,0.0,0.0,0.0,0.0
UBBR11,14.75,0.0,0.0,0.0,0.0
UBBR3,18.0,0.0,0.0,0.0,0.0
SQIA3,27.12,46.64,4.04,25607900.0,0.002
